feature,mean_abs_shap
EXT_SOURCE_2,0.31629774506350916
EXT_SOURCE_3,0.2814326859937032
EXT_SOURCE_1,0.1821926150303544
AMT_GOODS_PRICE,0.15879144169067466
AMT_CREDIT,0.1535741090494924
CODE_GENDER,0.1337543921946362
DAYS_EMPLOYED,0.12270840622363514
AMT_ANNUITY,0.1046022679517276
DAYS_BIRTH,0.0969202219215343
PREV_CNT_PAYMENT_MAX,0.09457965133138471
NAME_EDUCATION_TYPE,0.09364231285390061
BUREAU_DEBT_MEAN,0.07747744238985042
PREV_CREDIT_TO_APPLICATION_RATIO,0.0762165798768068
INST_LATE_PAYMENT_RATE,0.06731295563046674
PREV_AMT_ANNUITY_MEAN,0.0634274304820455
NAME_FAMILY_STATUS,0.061554557840847984
FLAG_OWN_CAR,0.057346643472537095
PREV_DOWN_PAYMENT_MEAN,0.057236192759662914
ORGANIZATION_TYPE,0.056005394120405755
DAYS_ID_PUBLISH,0.05151558564421589
FLAG_DOCUMENT_3,0.04849525156460102
OCCUPATION_TYPE,0.04787453422694992
INST_DAYS_PAYMENT_MAX,0.047623421975842434
INST_AMT_PAYMENT_SUM,0.04637374337534321
INST_DPD_MEAN,0.04302693448965246
PREV_REFUSAL_RATE,0.04137292909394793
BUREAU_CREDIT_SUM_MEAN,0.04116922340009728
NAME_CONTRACT_TYPE,0.03936309113903231
BUREAU_DAYS_CREDIT_MAX,0.03877845269680241
PREV_CNT_PAYMENT_MEAN,0.038629494473994726
INST_DAYS_PAYMENT_MEAN,0.03729009002987885
OWN_CAR_AGE,0.03531783967903868
REGION_POPULATION_RELATIVE,0.03518537070777075
AMT_REQ_CREDIT_BUREAU_QRT,0.032855276867544296
BUREAU_STATUS_Active,0.03264810297649639
NAME_INCOME_TYPE,0.030143521070223944
INST_AMT_INSTALMENT_SUM,0.028720740977423033
INST_DAYS_INSTALMENT_MEAN,0.02635771588138253
DAYS_LAST_PHONE_CHANGE,0.026351097825145525
BUREAU_DAYS_CREDIT_MEAN,0.026188657401060807
INST_DAYS_INSTALMENT_MAX,0.026127116617614958
PREV_DAYS_DECISION_MIN,0.02587997055390937
INST_PAYMENT_TO_INSTALMENT_RATIO,0.02515412331542008
BUREAU_STATUS_Closed,0.024595559217603525
BUREAU_CREDIT_SUM_MAX,0.022814493839834686
REGION_RATING_CLIENT_W_CITY,0.02226472160385852
INST_SHORTFALL_MAX,0.02186154807552441
DAYS_REGISTRATION,0.021786918305669083
BUREAU_DEBT_SUM,0.02167353501818804
AMT_INCOME_TOTAL,0.021113736834084806
PREV_DAYS_DECISION_MAX,0.020221254208681764
INST_DPD_SUM,0.019168064057373313
INST_LATE_7_RATE,0.017883567162686097
BUREAU_CREDIT_SUM_SUM,0.017516623446947766
INST_AMT_PAYMENT_MEAN,0.017346972568286812
INST_VERSION_MAX,0.01692504480585552
PREV_DAYS_DECISION_MEAN,0.016663464136321266
PREV_STATUS_Approved,0.01627673052426291
PREV_AMT_CREDIT_MAX,0.015730284284356567
INST_NUMBER_MAX,0.015608310300025545
PREV_APPROVAL_RATE,0.015458959156009724
INST_SHORTFALL_MEAN,0.014716346706158795
DEF_60_CNT_SOCIAL_CIRCLE,0.014639564854409226
BUREAU_DEBT_MAX,0.013917781215013405
HOUR_APPR_PROCESS_START,0.01344570133299017
REG_CITY_NOT_LIVE_CITY,0.012990636212154294
PREV_AMT_ANNUITY_MAX,0.012769761162905178
YEARS_BEGINEXPLUATATION_MODE,0.012577889440624148
PREV_STATUS_Refused,0.012328082279784212
DEF_30_CNT_SOCIAL_CIRCLE,0.012005746810985547
INST_AMT_INSTALMENT_MEAN,0.011889063609924687
AMT_REQ_CREDIT_BUREAU_YEAR,0.011578563953493912
BUREAU_DAYS_CREDIT_MIN,0.011470537007627598
WEEKDAY_APPR_PROCESS_START,0.011349128555615233
FLAG_WORK_PHONE,0.011224064091540526
PREV_AMT_APPLICATION_MAX,0.0109869371727651
INST_PREVIOUS_LOAN_COUNT,0.010394058953650859
PREV_CANCELLATION_RATE,0.009971451485837432
REGION_RATING_CLIENT,0.009600373508356295
INST_PAYMENT_RECORD_COUNT,0.009532781728185644
INST_VALID_PAYMENT_COUNT,0.009446888726610324
FLOORSMAX_AVG,0.00898247276915111
INST_UNDERPAID_RATE,0.008427827755602751
BUREAU_LOAN_COUNT,0.008426906353232622
FLAG_DOCUMENT_18,0.007918741112667584
APARTMENTS_AVG,0.00766381151844804
FLAG_DOCUMENT_16,0.007652686532784068
INST_UNDERPAID_COUNT,0.007595990053288004
FLAG_PHONE,0.007549609623543367
PREV_AMT_APPLICATION_MEAN,0.007534716567296897
PREV_AMT_APPLICATION_SUM,0.007362880056623641
PREV_AMT_CREDIT_MEAN,0.007185118249579974
INST_DPD_VALID_COUNT,0.006817750568526449
WALLSMATERIAL_MODE,0.006757033603896767
ENTRANCES_AVG,0.006727341862604494
OBS_60_CNT_SOCIAL_CIRCLE,0.006604696681398838
APARTMENTS_MEDI,0.006563300040762482
PREV_AMT_CREDIT_SUM,0.006122330489292314
TOTALAREA_MODE,0.00597475577526069
NONLIVINGAPARTMENTS_AVG,0.005837009581189562
CNT_FAM_MEMBERS,0.00582136090768606
YEARS_BEGINEXPLUATATION_MEDI,0.005774086819260103
FLOORSMAX_MEDI,0.005749176613668934
INST_LATE_7_COUNT,0.005556114183298198
NONLIVINGAREA_MODE,0.005124544001738333
FLAG_EMP_PHONE,0.005057102870243604
NAME_HOUSING_TYPE,0.004954770827778637
FLAG_OWN_REALTY,0.004700356013637475
LANDAREA_MODE,0.004560228628155264
NAME_TYPE_SUITE,0.004559932934530612
INST_DPD_MAX,0.004505408664564837
INST_SHORTFALL_SUM,0.004477058219634202
BASEMENTAREA_MODE,0.004413805592085317
ELEVATORS_AVG,0.004310501674486921
FLAG_DOCUMENT_6,0.004196174938319276
INST_LATE_PAYMENT_COUNT,0.004114749628500569
FLAG_DOCUMENT_13,0.003959845758526005
LIVINGAREA_MEDI,0.003947397992599326
HOUSETYPE_MODE,0.003933928810779314
APARTMENTS_MODE,0.003923845829309871
CNT_CHILDREN,0.003827575046958922
LANDAREA_MEDI,0.0038215305990729432
LIVINGAREA_MODE,0.0037095355367775125
BASEMENTAREA_AVG,0.0034888359873151073
AMT_REQ_CREDIT_BUREAU_MON,0.0034778903824577148
LANDAREA_AVG,0.003453009349197113
OBS_30_CNT_SOCIAL_CIRCLE,0.003411449261786985
FONDKAPREMONT_MODE,0.003347516346824706
NONLIVINGAREA_AVG,0.0030416656212132057
LIVINGAREA_AVG,0.003035966008132296
NONLIVINGAREA_MEDI,0.0030337881859960015
ENTRANCES_MODE,0.002784058411268749
YEARS_BEGINEXPLUATATION_AVG,0.0027061519929205617
YEARS_BUILD_MODE,0.0026836880418609696
PREV_APPLICATION_COUNT,0.0026725586266564175
LIVINGAPARTMENTS_MODE,0.0025442637228440456
AMT_REQ_CREDIT_BUREAU_WEEK,0.00250963739914483
COMMONAREA_AVG,0.0024886148299720027
ELEVATORS_MEDI,0.00229271005885526
BASEMENTAREA_MEDI,0.0021328910589124635
LIVINGAPARTMENTS_AVG,0.0021144597254722035
EMERGENCYSTATE_MODE,0.0021042753831993547
ELEVATORS_MODE,0.002101819493340054
FLAG_DOCUMENT_11,0.0020801753305178705
FLOORSMAX_MODE,0.002077102398666204
REG_REGION_NOT_LIVE_REGION,0.002039755614005116
COMMONAREA_MODE,0.002025358122719497
PREV_STATUS_Unused offer,0.001983822275856068
YEARS_BUILD_AVG,0.0019535368519360925
INST_LATE_30_RATE,0.0018467860423899709
LIVE_CITY_NOT_WORK_CITY,0.0017777278585895829
YEARS_BUILD_MEDI,0.0016460336262700491
FLOORSMIN_AVG,0.0015715467985200453
BUREAU_STATUS_Sold,0.001553033166428369
FLAG_EMAIL,0.00149482142653768
COMMONAREA_MEDI,0.0014314926349188522
BUREAU_STATUS_Bad debt,0.0013402333332250837
FLOORSMIN_MEDI,0.0012387232067469904
FLOORSMIN_MODE,0.0012238109713552765
PREV_STATUS_Canceled,0.0011710463915745577
REG_CITY_NOT_WORK_CITY,0.001106371432008302
BUREAU_OVERDUE_MAX,0.0010897720287501554
ENTRANCES_MEDI,0.0010687350374417755
LIVINGAPARTMENTS_MEDI,0.001052575331902588
AMT_REQ_CREDIT_BUREAU_HOUR,0.0010434572306492642
BUREAU_CREDIT_PROLONG_SUM,0.001003865459794815
NONLIVINGAPARTMENTS_MODE,0.0009682153673009819
BUREAU_CREDIT_DAY_OVERDUE_MAX,0.0008330205088157636
FLAG_DOCUMENT_15,0.000783350133574431
PREV_HAS_HISTORY,0.0005707608493328936
REG_REGION_NOT_WORK_REGION,0.0005560664777601126
BUREAU_OVERDUE_SUM,0.0005400840921000429
AMT_REQ_CREDIT_BUREAU_DAY,0.0005052964664175636
NONLIVINGAPARTMENTS_MEDI,0.0004966728016486258
FLAG_DOCUMENT_8,0.0004489584351358359
BUREAU_HAS_HISTORY,0.0004395503818521883
FLAG_DOCUMENT_14,0.00042864025938802277
FLAG_DOCUMENT_5,0.00040149930857935053
INST_LATE_30_COUNT,0.0003415587034782366
FLAG_CONT_MOBILE,0.00020023925621183886
FLAG_DOCUMENT_9,0.00010569304825034714
FLAG_DOCUMENT_17,6.420801185316624e-05
BUREAU_CREDIT_DAY_OVERDUE_MEAN,4.634331868807298e-05
FLAG_DOCUMENT_10,1.584651131995069e-07
LIVE_REGION_NOT_WORK_REGION,0.0
FLAG_MOBIL,0.0
FLAG_DOCUMENT_2,0.0
FLAG_DOCUMENT_12,0.0
FLAG_DOCUMENT_19,0.0
FLAG_DOCUMENT_20,0.0
FLAG_DOCUMENT_7,0.0
FLAG_DOCUMENT_21,0.0
FLAG_DOCUMENT_4,0.0
INST_HAS_HISTORY,0.0
DAYS_EMPLOYED_ANOMALY,0.0
