feature,importance,mean_abs_shap,catboost_rank,shap_rank
EXT_SOURCE_2,5.592723607080217,0.31629774506350916,2,1
EXT_SOURCE_3,7.364126272612655,0.2814326859937032,1,2
EXT_SOURCE_1,3.8862090368080713,0.1821926150303544,3,3
AMT_GOODS_PRICE,2.5477691913429683,0.15879144169067466,7,4
AMT_CREDIT,3.2995459026528366,0.1535741090494924,5,5
CODE_GENDER,1.1847401672781412,0.1337543921946362,23,6
DAYS_EMPLOYED,1.9260134739520751,0.12270840622363514,8,7
AMT_ANNUITY,2.7177934514971196,0.1046022679517276,6,8
DAYS_BIRTH,3.49916215034458,0.0969202219215343,4,9
PREV_CNT_PAYMENT_MAX,1.243700582448582,0.09457965133138471,20,10
NAME_EDUCATION_TYPE,1.0145151862202844,0.09364231285390061,28,11
BUREAU_DEBT_MEAN,1.5374995039967667,0.07747744238985042,12,12
PREV_CREDIT_TO_APPLICATION_RATIO,1.5323753996170186,0.0762165798768068,13,13
INST_LATE_PAYMENT_RATE,0.9000695981118926,0.06731295563046674,30,14
PREV_AMT_ANNUITY_MEAN,1.5204830840598769,0.0634274304820455,14,15
NAME_FAMILY_STATUS,0.7218268463043633,0.061554557840847984,41,16
FLAG_OWN_CAR,0.39371393091001583,0.057346643472537095,72,17
PREV_DOWN_PAYMENT_MEAN,1.2299929734154258,0.057236192759662914,21,18
ORGANIZATION_TYPE,1.0086104894173622,0.056005394120405755,29,19
DAYS_ID_PUBLISH,1.6619998450224895,0.05151558564421589,10,20
FLAG_DOCUMENT_3,0.45647882994905414,0.04849525156460102,64,21
OCCUPATION_TYPE,0.622184363267369,0.04787453422694992,52,22
INST_DAYS_PAYMENT_MAX,1.4267014568896448,0.047623421975842434,15,23
INST_AMT_PAYMENT_SUM,0.7675696638888734,0.04637374337534321,38,24
INST_DPD_MEAN,0.6264298204510111,0.04302693448965246,50,25
PREV_REFUSAL_RATE,0.7031984675667865,0.04137292909394793,47,26
BUREAU_CREDIT_SUM_MEAN,1.203556379713943,0.04116922340009728,22,27
NAME_CONTRACT_TYPE,0.5941811996362192,0.03936309113903231,55,28
BUREAU_DAYS_CREDIT_MAX,1.6722484814680683,0.03877845269680241,9,29
PREV_CNT_PAYMENT_MEAN,1.1179782641522662,0.038629494473994726,25,30
INST_DAYS_PAYMENT_MEAN,1.2907043404884104,0.03729009002987885,19,31
OWN_CAR_AGE,0.8068813837839384,0.03531783967903868,34,32
REGION_POPULATION_RELATIVE,1.3224893841908887,0.03518537070777075,18,33
AMT_REQ_CREDIT_BUREAU_QRT,0.4934464402015937,0.032855276867544296,59,34
BUREAU_STATUS_Active,0.7187651404433688,0.03264810297649639,43,35
NAME_INCOME_TYPE,0.4560785769167017,0.030143521070223944,65,36
INST_AMT_INSTALMENT_SUM,0.7690573312572744,0.028720740977423033,37,37
INST_DAYS_INSTALMENT_MEAN,0.7126495977664634,0.02635771588138253,45,38
DAYS_LAST_PHONE_CHANGE,1.362110559055948,0.026351097825145525,17,39
BUREAU_DAYS_CREDIT_MEAN,0.8783814328851413,0.026188657401060807,33,40
INST_DAYS_INSTALMENT_MAX,1.076334386162973,0.026127116617614958,26,41
PREV_DAYS_DECISION_MIN,0.7213475959243975,0.02587997055390937,42,42
INST_PAYMENT_TO_INSTALMENT_RATIO,0.6423447012712039,0.02515412331542008,48,43
BUREAU_STATUS_Closed,0.6386258210202839,0.024595559217603525,49,44
BUREAU_CREDIT_SUM_MAX,1.1302452157539336,0.022814493839834686,24,45
REGION_RATING_CLIENT_W_CITY,0.4220532461392898,0.02226472160385852,71,46
INST_SHORTFALL_MAX,0.7140988919493535,0.02186154807552441,44,47
DAYS_REGISTRATION,1.5397069714773177,0.021786918305669083,11,48
BUREAU_DEBT_SUM,0.7115991965412982,0.02167353501818804,46,49
AMT_INCOME_TOTAL,1.4007990720135317,0.021113736834084806,16,50
PREV_DAYS_DECISION_MAX,1.0655171916305595,0.020221254208681764,27,51
INST_DPD_SUM,0.49581732771117126,0.019168064057373313,58,52
INST_LATE_7_RATE,0.3588835896525122,0.017883567162686097,75,53
BUREAU_CREDIT_SUM_SUM,0.7785776647901969,0.017516623446947766,36,54
INST_AMT_PAYMENT_MEAN,0.7867534461342469,0.017346972568286812,35,55
INST_VERSION_MAX,0.5442155041686125,0.01692504480585552,56,56
PREV_DAYS_DECISION_MEAN,0.897102098933823,0.016663464136321266,31,57
PREV_STATUS_Approved,0.3413775623976856,0.01627673052426291,77,58
PREV_AMT_CREDIT_MAX,0.5974709999853194,0.015730284284356567,54,59
INST_NUMBER_MAX,0.8862802085489452,0.015608310300025545,32,60
PREV_APPROVAL_RATE,0.47124288134674525,0.015458959156009724,63,61
INST_SHORTFALL_MEAN,0.20113474280035204,0.014716346706158795,102,62
DEF_60_CNT_SOCIAL_CIRCLE,0.2906364256879693,0.014639564854409226,80,63
BUREAU_DEBT_MAX,0.6258430765493793,0.013917781215013405,51,64
HOUR_APPR_PROCESS_START,0.44045103336252195,0.01344570133299017,66,65
REG_CITY_NOT_LIVE_CITY,0.23391777027146293,0.012990636212154294,87,66
PREV_AMT_ANNUITY_MAX,0.6127097566916522,0.012769761162905178,53,67
YEARS_BEGINEXPLUATATION_MODE,0.35114743765932055,0.012577889440624148,76,68
PREV_STATUS_Refused,0.14425263042122807,0.012328082279784212,120,69
DEF_30_CNT_SOCIAL_CIRCLE,0.21314069336412575,0.012005746810985547,93,70
INST_AMT_INSTALMENT_MEAN,0.7408126565761682,0.011889063609924687,40,71
AMT_REQ_CREDIT_BUREAU_YEAR,0.3664194104906082,0.011578563953493912,74,72
BUREAU_DAYS_CREDIT_MIN,0.7605312862703826,0.011470537007627598,39,73
WEEKDAY_APPR_PROCESS_START,0.2853665114321376,0.011349128555615233,81,74
FLAG_WORK_PHONE,0.4349816953404726,0.011224064091540526,68,75
PREV_AMT_APPLICATION_MAX,0.49126347608473697,0.0109869371727651,60,76
INST_PREVIOUS_LOAN_COUNT,0.2261254906101203,0.010394058953650859,90,77
PREV_CANCELLATION_RATE,0.4284240832607329,0.009971451485837432,69,78
REGION_RATING_CLIENT,0.2067747463481415,0.009600373508356295,99,79
INST_PAYMENT_RECORD_COUNT,0.4277374297204365,0.009532781728185644,70,80
INST_VALID_PAYMENT_COUNT,0.2246217958909108,0.009446888726610324,91,81
FLOORSMAX_AVG,0.1163629505648437,0.00898247276915111,131,82
INST_UNDERPAID_RATE,0.5054738461430901,0.008427827755602751,57,83
BUREAU_LOAN_COUNT,0.47179893733468775,0.008426906353232622,62,84
FLAG_DOCUMENT_18,0.25472496776507,0.007918741112667584,84,85
APARTMENTS_AVG,0.20105782290899726,0.00766381151844804,103,86
FLAG_DOCUMENT_16,0.23721883398521923,0.007652686532784068,86,87
INST_UNDERPAID_COUNT,0.19471991780847017,0.007595990053288004,104,88
FLAG_PHONE,0.14489540272352386,0.007549609623543367,119,89
PREV_AMT_APPLICATION_MEAN,0.3864251426244986,0.007534716567296897,73,90
PREV_AMT_APPLICATION_SUM,0.43769541558903513,0.007362880056623641,67,91
PREV_AMT_CREDIT_MEAN,0.4856041355749192,0.007185118249579974,61,92
INST_DPD_VALID_COUNT,0.17324382179727232,0.006817750568526449,111,93
WALLSMATERIAL_MODE,0.19394672684414346,0.006757033603896767,105,94
ENTRANCES_AVG,0.1860981425335353,0.006727341862604494,106,95
OBS_60_CNT_SOCIAL_CIRCLE,0.3051352209682588,0.006604696681398838,79,96
APARTMENTS_MEDI,0.15301768051322825,0.006563300040762482,118,97
PREV_AMT_CREDIT_SUM,0.3052698213047526,0.006122330489292314,78,98
TOTALAREA_MODE,0.21020337531004943,0.00597475577526069,95,99
NONLIVINGAPARTMENTS_AVG,0.25518570768431476,0.005837009581189562,83,100
CNT_FAM_MEMBERS,0.20995443329281932,0.00582136090768606,96,101
YEARS_BEGINEXPLUATATION_MEDI,0.20915282788381942,0.005774086819260103,98,102
FLOORSMAX_MEDI,0.06798533466061481,0.005749176613668934,150,103
INST_LATE_7_COUNT,0.0861478608385952,0.005556114183298198,139,104
NONLIVINGAREA_MODE,0.18269156054354055,0.005124544001738333,108,105
FLAG_EMP_PHONE,0.15383017882553168,0.005057102870243604,117,106
NAME_HOUSING_TYPE,0.1672848296579825,0.004954770827778637,112,107
FLAG_OWN_REALTY,0.104092854808707,0.004700356013637475,133,108
LANDAREA_MODE,0.23372293345256426,0.004560228628155264,88,109
NAME_TYPE_SUITE,0.14294090336218102,0.004559932934530612,121,110
INST_DPD_MAX,0.17506061238224646,0.004505408664564837,110,111
INST_SHORTFALL_SUM,0.17633974248359757,0.004477058219634202,109,112
BASEMENTAREA_MODE,0.24484390737962322,0.004413805592085317,85,113
ELEVATORS_AVG,0.06553762789017106,0.004310501674486921,151,114
FLAG_DOCUMENT_6,0.20353763994532634,0.004196174938319276,101,115
INST_LATE_PAYMENT_COUNT,0.1335192815491195,0.004114749628500569,124,116
FLAG_DOCUMENT_13,0.13186198039812283,0.003959845758526005,125,117
LIVINGAREA_MEDI,0.15903613765696523,0.003947397992599326,114,118
HOUSETYPE_MODE,0.025582818343922013,0.003933928810779314,171,119
APARTMENTS_MODE,0.21509468332530624,0.003923845829309871,92,120
CNT_CHILDREN,0.12795142911746057,0.003827575046958922,128,121
LANDAREA_MEDI,0.18513919627069075,0.0038215305990729432,107,122
LIVINGAREA_MODE,0.15816054678976052,0.0037095355367775125,115,123
BASEMENTAREA_AVG,0.15577071305262863,0.0034888359873151073,116,124
AMT_REQ_CREDIT_BUREAU_MON,0.1633971843835556,0.0034778903824577148,113,125
LANDAREA_AVG,0.21229556933012686,0.003453009349197113,94,126
OBS_30_CNT_SOCIAL_CIRCLE,0.2759601474843032,0.003411449261786985,82,127
FONDKAPREMONT_MODE,0.11681497008221547,0.003347516346824706,130,128
NONLIVINGAREA_AVG,0.20989920776241736,0.0030416656212132057,97,129
LIVINGAREA_AVG,0.20570319381882085,0.003035966008132296,100,130
NONLIVINGAREA_MEDI,0.23350207357494562,0.0030337881859960015,89,131
ENTRANCES_MODE,0.11985781531922755,0.002784058411268749,129,132
YEARS_BEGINEXPLUATATION_AVG,0.12830312479562475,0.0027061519929205617,127,133
YEARS_BUILD_MODE,0.08903355965151494,0.0026836880418609696,138,134
PREV_APPLICATION_COUNT,0.12992778920628056,0.0026725586266564175,126,135
LIVINGAPARTMENTS_MODE,0.08603217692574608,0.0025442637228440456,140,136
AMT_REQ_CREDIT_BUREAU_WEEK,0.09696750622350422,0.00250963739914483,136,137
COMMONAREA_AVG,0.1426456792723123,0.0024886148299720027,122,138
ELEVATORS_MEDI,0.05265878210118087,0.00229271005885526,156,139
BASEMENTAREA_MEDI,0.098217084072279,0.0021328910589124635,135,140
LIVINGAPARTMENTS_AVG,0.10710880635208446,0.0021144597254722035,132,141
EMERGENCYSTATE_MODE,0.07383755968023967,0.0021042753831993547,146,142
ELEVATORS_MODE,0.07344485986563651,0.002101819493340054,147,143
FLAG_DOCUMENT_11,0.07854787568559521,0.0020801753305178705,142,144
FLOORSMAX_MODE,0.039629103844410464,0.002077102398666204,160,145
REG_REGION_NOT_LIVE_REGION,0.057457980071961505,0.002039755614005116,153,146
COMMONAREA_MODE,0.13374112262067486,0.002025358122719497,123,147
PREV_STATUS_Unused offer,0.09551135448952593,0.001983822275856068,137,148
YEARS_BUILD_AVG,0.08369585978298556,0.0019535368519360925,141,149
INST_LATE_30_RATE,0.07521462560201002,0.0018467860423899709,144,150
LIVE_CITY_NOT_WORK_CITY,0.04216916385801694,0.0017777278585895829,159,151
YEARS_BUILD_MEDI,0.07025258834277177,0.0016460336262700491,149,152
FLOORSMIN_AVG,0.03362922935701603,0.0015715467985200453,166,153
BUREAU_STATUS_Sold,0.1021001026235868,0.001553033166428369,134,154
FLAG_EMAIL,0.05436444150402191,0.00149482142653768,154,155
COMMONAREA_MEDI,0.07476948336656478,0.0014314926349188522,145,156
BUREAU_STATUS_Bad debt,0.0168149649489878,0.0013402333332250837,174,157
FLOORSMIN_MEDI,0.03759844750408279,0.0012387232067469904,163,158
FLOORSMIN_MODE,0.028427625950656177,0.0012238109713552765,168,159
PREV_STATUS_Canceled,0.04530313369303038,0.0011710463915745577,157,160
REG_CITY_NOT_WORK_CITY,0.024430701589928272,0.001106371432008302,172,161
BUREAU_OVERDUE_MAX,0.03509531496397457,0.0010897720287501554,164,162
ENTRANCES_MEDI,0.04448495339768381,0.0010687350374417755,158,163
LIVINGAPARTMENTS_MEDI,0.03850680655335863,0.001052575331902588,161,164
AMT_REQ_CREDIT_BUREAU_HOUR,0.028489577200772685,0.0010434572306492642,167,165
BUREAU_CREDIT_PROLONG_SUM,0.07126057589628206,0.001003865459794815,148,166
NONLIVINGAPARTMENTS_MODE,0.07793430435938717,0.0009682153673009819,143,167
BUREAU_CREDIT_DAY_OVERDUE_MAX,0.053883105311065535,0.0008330205088157636,155,168
FLAG_DOCUMENT_15,0.037689126117270114,0.000783350133574431,162,169
PREV_HAS_HISTORY,0.012564498134156409,0.0005707608493328936,178,170
REG_REGION_NOT_WORK_REGION,0.016255658318767293,0.0005560664777601126,176,171
BUREAU_OVERDUE_SUM,0.027180658306380747,0.0005400840921000429,169,172
AMT_REQ_CREDIT_BUREAU_DAY,0.058971145299501385,0.0005052964664175636,152,173
NONLIVINGAPARTMENTS_MEDI,0.021882443972195607,0.0004966728016486258,173,174
FLAG_DOCUMENT_8,0.012058290795984819,0.0004489584351358359,179,175
BUREAU_HAS_HISTORY,0.010777241473876296,0.0004395503818521883,180,176
FLAG_DOCUMENT_14,0.02592630312189837,0.00042864025938802277,170,177
FLAG_DOCUMENT_5,0.03393275203133003,0.00040149930857935053,165,178
INST_LATE_30_COUNT,0.016745794156332906,0.0003415587034782366,175,179
FLAG_CONT_MOBILE,0.013363973808695943,0.00020023925621183886,177,180
FLAG_DOCUMENT_9,0.005902671452148028,0.00010569304825034714,181,181
FLAG_DOCUMENT_17,0.002633619981246855,6.420801185316624e-05,182,182
BUREAU_CREDIT_DAY_OVERDUE_MEAN,0.0012281916496280948,4.634331868807298e-05,183,183
FLAG_DOCUMENT_10,2.6656191026563413e-06,1.584651131995069e-07,184,184
LIVE_REGION_NOT_WORK_REGION,0.0,0.0,185,185
FLAG_MOBIL,0.0,0.0,185,185
FLAG_DOCUMENT_2,0.0,0.0,185,185
FLAG_DOCUMENT_12,0.0,0.0,185,185
FLAG_DOCUMENT_19,0.0,0.0,185,185
FLAG_DOCUMENT_20,0.0,0.0,185,185
FLAG_DOCUMENT_7,0.0,0.0,185,185
FLAG_DOCUMENT_21,0.0,0.0,185,185
FLAG_DOCUMENT_4,0.0,0.0,185,185
INST_HAS_HISTORY,0.0,0.0,185,185
DAYS_EMPLOYED_ANOMALY,0.0,0.0,185,185
