feature,importance
EXT_SOURCE_3,7.364126272612655
EXT_SOURCE_2,5.592723607080217
EXT_SOURCE_1,3.8862090368080713
DAYS_BIRTH,3.49916215034458
AMT_CREDIT,3.2995459026528366
AMT_ANNUITY,2.7177934514971196
AMT_GOODS_PRICE,2.5477691913429683
DAYS_EMPLOYED,1.9260134739520751
BUREAU_DAYS_CREDIT_MAX,1.6722484814680683
DAYS_ID_PUBLISH,1.6619998450224895
DAYS_REGISTRATION,1.5397069714773177
BUREAU_DEBT_MEAN,1.5374995039967667
PREV_CREDIT_TO_APPLICATION_RATIO,1.5323753996170186
PREV_AMT_ANNUITY_MEAN,1.5204830840598769
INST_DAYS_PAYMENT_MAX,1.4267014568896448
AMT_INCOME_TOTAL,1.4007990720135317
DAYS_LAST_PHONE_CHANGE,1.362110559055948
REGION_POPULATION_RELATIVE,1.3224893841908887
INST_DAYS_PAYMENT_MEAN,1.2907043404884104
PREV_CNT_PAYMENT_MAX,1.243700582448582
PREV_DOWN_PAYMENT_MEAN,1.2299929734154258
BUREAU_CREDIT_SUM_MEAN,1.203556379713943
CODE_GENDER,1.1847401672781412
BUREAU_CREDIT_SUM_MAX,1.1302452157539336
PREV_CNT_PAYMENT_MEAN,1.1179782641522662
INST_DAYS_INSTALMENT_MAX,1.076334386162973
PREV_DAYS_DECISION_MAX,1.0655171916305595
NAME_EDUCATION_TYPE,1.0145151862202844
ORGANIZATION_TYPE,1.0086104894173622
INST_LATE_PAYMENT_RATE,0.9000695981118926
PREV_DAYS_DECISION_MEAN,0.897102098933823
INST_NUMBER_MAX,0.8862802085489452
BUREAU_DAYS_CREDIT_MEAN,0.8783814328851413
OWN_CAR_AGE,0.8068813837839384
INST_AMT_PAYMENT_MEAN,0.7867534461342469
BUREAU_CREDIT_SUM_SUM,0.7785776647901969
INST_AMT_INSTALMENT_SUM,0.7690573312572744
INST_AMT_PAYMENT_SUM,0.7675696638888734
BUREAU_DAYS_CREDIT_MIN,0.7605312862703826
INST_AMT_INSTALMENT_MEAN,0.7408126565761682
NAME_FAMILY_STATUS,0.7218268463043633
PREV_DAYS_DECISION_MIN,0.7213475959243975
BUREAU_STATUS_Active,0.7187651404433688
INST_SHORTFALL_MAX,0.7140988919493535
INST_DAYS_INSTALMENT_MEAN,0.7126495977664634
BUREAU_DEBT_SUM,0.7115991965412982
PREV_REFUSAL_RATE,0.7031984675667865
INST_PAYMENT_TO_INSTALMENT_RATIO,0.6423447012712039
BUREAU_STATUS_Closed,0.6386258210202839
INST_DPD_MEAN,0.6264298204510111
BUREAU_DEBT_MAX,0.6258430765493793
OCCUPATION_TYPE,0.622184363267369
PREV_AMT_ANNUITY_MAX,0.6127097566916522
PREV_AMT_CREDIT_MAX,0.5974709999853194
NAME_CONTRACT_TYPE,0.5941811996362192
INST_VERSION_MAX,0.5442155041686125
INST_UNDERPAID_RATE,0.5054738461430901
INST_DPD_SUM,0.49581732771117126
AMT_REQ_CREDIT_BUREAU_QRT,0.4934464402015937
PREV_AMT_APPLICATION_MAX,0.49126347608473697
PREV_AMT_CREDIT_MEAN,0.4856041355749192
BUREAU_LOAN_COUNT,0.47179893733468775
PREV_APPROVAL_RATE,0.47124288134674525
FLAG_DOCUMENT_3,0.45647882994905414
NAME_INCOME_TYPE,0.4560785769167017
HOUR_APPR_PROCESS_START,0.44045103336252195
PREV_AMT_APPLICATION_SUM,0.43769541558903513
FLAG_WORK_PHONE,0.4349816953404726
PREV_CANCELLATION_RATE,0.4284240832607329
INST_PAYMENT_RECORD_COUNT,0.4277374297204365
REGION_RATING_CLIENT_W_CITY,0.4220532461392898
FLAG_OWN_CAR,0.39371393091001583
PREV_AMT_APPLICATION_MEAN,0.3864251426244986
AMT_REQ_CREDIT_BUREAU_YEAR,0.3664194104906082
INST_LATE_7_RATE,0.3588835896525122
YEARS_BEGINEXPLUATATION_MODE,0.35114743765932055
PREV_STATUS_Approved,0.3413775623976856
PREV_AMT_CREDIT_SUM,0.3052698213047526
OBS_60_CNT_SOCIAL_CIRCLE,0.3051352209682588
DEF_60_CNT_SOCIAL_CIRCLE,0.2906364256879693
WEEKDAY_APPR_PROCESS_START,0.2853665114321376
OBS_30_CNT_SOCIAL_CIRCLE,0.2759601474843032
NONLIVINGAPARTMENTS_AVG,0.25518570768431476
FLAG_DOCUMENT_18,0.25472496776507
BASEMENTAREA_MODE,0.24484390737962322
FLAG_DOCUMENT_16,0.23721883398521923
REG_CITY_NOT_LIVE_CITY,0.23391777027146293
LANDAREA_MODE,0.23372293345256426
NONLIVINGAREA_MEDI,0.23350207357494562
INST_PREVIOUS_LOAN_COUNT,0.2261254906101203
INST_VALID_PAYMENT_COUNT,0.2246217958909108
APARTMENTS_MODE,0.21509468332530624
DEF_30_CNT_SOCIAL_CIRCLE,0.21314069336412575
LANDAREA_AVG,0.21229556933012686
TOTALAREA_MODE,0.21020337531004943
CNT_FAM_MEMBERS,0.20995443329281932
NONLIVINGAREA_AVG,0.20989920776241736
YEARS_BEGINEXPLUATATION_MEDI,0.20915282788381942
REGION_RATING_CLIENT,0.2067747463481415
LIVINGAREA_AVG,0.20570319381882085
FLAG_DOCUMENT_6,0.20353763994532634
INST_SHORTFALL_MEAN,0.20113474280035204
APARTMENTS_AVG,0.20105782290899726
INST_UNDERPAID_COUNT,0.19471991780847017
WALLSMATERIAL_MODE,0.19394672684414346
ENTRANCES_AVG,0.1860981425335353
LANDAREA_MEDI,0.18513919627069075
NONLIVINGAREA_MODE,0.18269156054354055
INST_SHORTFALL_SUM,0.17633974248359757
INST_DPD_MAX,0.17506061238224646
INST_DPD_VALID_COUNT,0.17324382179727232
NAME_HOUSING_TYPE,0.1672848296579825
AMT_REQ_CREDIT_BUREAU_MON,0.1633971843835556
LIVINGAREA_MEDI,0.15903613765696523
LIVINGAREA_MODE,0.15816054678976052
BASEMENTAREA_AVG,0.15577071305262863
FLAG_EMP_PHONE,0.15383017882553168
APARTMENTS_MEDI,0.15301768051322825
FLAG_PHONE,0.14489540272352386
PREV_STATUS_Refused,0.14425263042122807
NAME_TYPE_SUITE,0.14294090336218102
COMMONAREA_AVG,0.1426456792723123
COMMONAREA_MODE,0.13374112262067486
INST_LATE_PAYMENT_COUNT,0.1335192815491195
FLAG_DOCUMENT_13,0.13186198039812283
PREV_APPLICATION_COUNT,0.12992778920628056
YEARS_BEGINEXPLUATATION_AVG,0.12830312479562475
CNT_CHILDREN,0.12795142911746057
ENTRANCES_MODE,0.11985781531922755
FONDKAPREMONT_MODE,0.11681497008221547
FLOORSMAX_AVG,0.1163629505648437
LIVINGAPARTMENTS_AVG,0.10710880635208446
FLAG_OWN_REALTY,0.104092854808707
BUREAU_STATUS_Sold,0.1021001026235868
BASEMENTAREA_MEDI,0.098217084072279
AMT_REQ_CREDIT_BUREAU_WEEK,0.09696750622350422
PREV_STATUS_Unused offer,0.09551135448952593
YEARS_BUILD_MODE,0.08903355965151494
INST_LATE_7_COUNT,0.0861478608385952
LIVINGAPARTMENTS_MODE,0.08603217692574608
YEARS_BUILD_AVG,0.08369585978298556
FLAG_DOCUMENT_11,0.07854787568559521
NONLIVINGAPARTMENTS_MODE,0.07793430435938717
INST_LATE_30_RATE,0.07521462560201002
COMMONAREA_MEDI,0.07476948336656478
EMERGENCYSTATE_MODE,0.07383755968023967
ELEVATORS_MODE,0.07344485986563651
BUREAU_CREDIT_PROLONG_SUM,0.07126057589628206
YEARS_BUILD_MEDI,0.07025258834277177
FLOORSMAX_MEDI,0.06798533466061481
ELEVATORS_AVG,0.06553762789017106
AMT_REQ_CREDIT_BUREAU_DAY,0.058971145299501385
REG_REGION_NOT_LIVE_REGION,0.057457980071961505
FLAG_EMAIL,0.05436444150402191
BUREAU_CREDIT_DAY_OVERDUE_MAX,0.053883105311065535
ELEVATORS_MEDI,0.05265878210118087
PREV_STATUS_Canceled,0.04530313369303038
ENTRANCES_MEDI,0.04448495339768381
LIVE_CITY_NOT_WORK_CITY,0.04216916385801694
FLOORSMAX_MODE,0.039629103844410464
LIVINGAPARTMENTS_MEDI,0.03850680655335863
FLAG_DOCUMENT_15,0.037689126117270114
FLOORSMIN_MEDI,0.03759844750408279
BUREAU_OVERDUE_MAX,0.03509531496397457
FLAG_DOCUMENT_5,0.03393275203133003
FLOORSMIN_AVG,0.03362922935701603
AMT_REQ_CREDIT_BUREAU_HOUR,0.028489577200772685
FLOORSMIN_MODE,0.028427625950656177
BUREAU_OVERDUE_SUM,0.027180658306380747
FLAG_DOCUMENT_14,0.02592630312189837
HOUSETYPE_MODE,0.025582818343922013
REG_CITY_NOT_WORK_CITY,0.024430701589928272
NONLIVINGAPARTMENTS_MEDI,0.021882443972195607
BUREAU_STATUS_Bad debt,0.0168149649489878
INST_LATE_30_COUNT,0.016745794156332906
REG_REGION_NOT_WORK_REGION,0.016255658318767293
FLAG_CONT_MOBILE,0.013363973808695943
PREV_HAS_HISTORY,0.012564498134156409
FLAG_DOCUMENT_8,0.012058290795984819
BUREAU_HAS_HISTORY,0.010777241473876296
FLAG_DOCUMENT_9,0.005902671452148028
FLAG_DOCUMENT_17,0.002633619981246855
BUREAU_CREDIT_DAY_OVERDUE_MEAN,0.0012281916496280948
FLAG_DOCUMENT_10,2.6656191026563413e-06
LIVE_REGION_NOT_WORK_REGION,0.0
FLAG_MOBIL,0.0
FLAG_DOCUMENT_2,0.0
FLAG_DOCUMENT_12,0.0
FLAG_DOCUMENT_19,0.0
FLAG_DOCUMENT_20,0.0
FLAG_DOCUMENT_7,0.0
FLAG_DOCUMENT_21,0.0
FLAG_DOCUMENT_4,0.0
INST_HAS_HISTORY,0.0
DAYS_EMPLOYED_ANOMALY,0.0
